Subject,Unit,DriveLink
BCS301,U1,https://drive.google.com/file/d/1lDSW5YaNqq9MavQIgg41NpgyVfC5niSx/view?usp=sharing
BCS301,U2,https://drive.google.com/file/d/FILE_ID_14/preview
BCS301,U3,https://drive.google.com/file/d/FILE_ID_15/preview
BCS301,U4,https://drive.google.com/file/d/FILE_ID_16/preview
BCS301,U5,
BCS302,U1,
BCS302,U2,
BCS302,U3,
BCS302,U4,
BCS302,U5,
BCS303,U1,
BCS303,U2,
BCS303,U3,
BCS303,U4,
BCS303,U5,
BCS401,U1,
BCS401,U2,
BCS401,U3,
BCS401,U4,
BCS401,U5,
BCS402,U1,
BCS402,U2,
BCS402,U3,
BCS402,U4,
BCS402,U5,
BCS403,U1,
BCS403,U2,
BCS403,U3,
BCS403,U4,
BCS403,U5,
BVE301,U1,
BVE301,U2,
BVE301,U3,
BVE301,U4,
BVE301,U5,
BCC301,U1,
BCC301,U2,
BCC301,U3,
BCC301,U4,
BCC301,U5,
BAS303,U1,
BAS303,U2,
BAS303,U3,
BAS303,U4,
BAS303,U5,
BCC302,U1,
BCC302,U2,
BCC302,U3,
BCC302,U4,
BCC302,U5,
BCS301,U1,
BCS301,U2,
BCS301,U3,
BCS301,U4,
BCS301,U5,
BCS302,U1,
BCS302,U2,
BCS302,U3,
BCS302,U4,
BCS302,U5,
BCS303,U1,
BCS303,U2,
BCS303,U3,
BCS303,U4,
BCS303,U5,
BCS401,U1,
BCS401,U2,
BCS401,U3,
BCS401,U4,
BCS401,U5,
BCS402,U1,
BCS402,U2,
BCS402,U3,
BCS402,U4,
BCS402,U5,
BCS403,U1,
BCS403,U2,
BCS403,U3,
BCS403,U4,
BCS403,U5,
BVE301,U1,
BVE301,U2,
BVE301,U3,
BVE301,U4,
BVE301,U5,
BCC301,U1,
BCC301,U2,
BCC301,U3,
BCC301,U4,
BCC301,U5,
BAS303,U1,
BAS303,U2,
BAS303,U3,
BAS303,U4,
BAS303,U5,
BCC302,U1,
BCC302,U2,
BCC302,U3,
BCC302,U4,
BCC302,U5,
BOE404,U1,
BOE404,U2,
BOE404,U3,
BOE404,U4,
BOE404,U5,
BAS301,U1,
BAS301,U2,
BAS301,U3,
BAS301,U4,
BAS301,U5,
