Subject,Unit
BAS101,U1
BAS101,U2
BAS101,U3
BAS101,U4
BAS101,U5
BAS102,U1
BAS102,U2
BAS102,U3
BAS102,U4
BAS102,U5
BEE101,U1
BEE101,U2
BEE101,U3
BEE101,U4
BEE101,U5
BEC101,U1
BEC101,U2
BEC101,U3
BEC101,U4
BEC101,U5
BCS101,U1
BCS101,U2
BCS101,U3
BCS101,U4
BCS101,U5
BME101,U1
BME101,U2
BME101,U3
BME101,U4
BME101,U5
BAS103,U1
BAS103,U2
BAS103,U3
BAS103,U4
BAS103,U5
BAS203,U1
BAS203,U2
BAS203,U3
BAS203,U4
BAS203,U5
BAS204,U1
BAS204,U2
BAS204,U3
BAS204,U4
BAS204,U5
BAS105,U1
BAS105,U2
BAS105,U3
BAS105,U4
BAS105,U5
